"0","knitr::purl(""CIBW_Multievent_Model-MODEL_CODE.Rmd"",output=""CIBW_ME_Model-ms_code.R"")
"
"2","

processing file: CIBW_Multievent_Model-MODEL_CODE.Rmd
"
"1","  |                                                                                        "
"1","  |                                                                                  |   0%"
"1","  |                                                                                        "
"1","  |.......                                                                           |   9%"
"1","  |                                                                                        "
"1","  |...............                                                                   |  18%"
"1","  |                                                                                        "
"1","  |......................                                                            |  27%"
"1","  |                                                                                        "
"1","  |..............................                                                    |  36%"
"1","  |                                                                                        "
"1","  |.....................................                                             |  45%"
"1","  |                                                                                        "
"1","  |.............................................                                     |  55%"
"1","  |                                                                                        "
"1","  |....................................................                              |  64%"
"1","  |                                                                                        "
"1","  |............................................................                      |  73%"
"1","  |                                                                                        "
"1","  |...................................................................               |  82%"
"1","  |                                                                                        "
"1","  |...........................................................................       |  91%"
"1","  |                                                                                        "
"1","  |..................................................................................| 100%"
"1","
"
"2","output file: CIBW_ME_Model-ms_code.R

"
"1","[1]"
"1"," ""CIBW_ME_Model-ms_code.R"""
"1","
"
